Model,MAE,RMSE,R-squared,Best alpha
Ridge Regression,0.3785981870338216,0.6044734869976277,0.8501235280560204,10.0
Linear Regression,0.38252988413791367,0.6074350286993523,0.8486513286537314,
Random Forest Regressor,0.3761923076923077,0.6258601773067699,0.8393304470765273,
Decision Tree Regressor,0.3967188809466681,0.66486307195387,0.8186809765498377,
