Model,MAE,RMSE,R-squared
Ridge Regression,0.36904229264831556,0.5852264627014432,0.8595160017058291
Linear Regression,0.37040572839071767,0.5865336264435564,0.8588877297968837
Random Forest Regressor,0.38726923076923075,0.6354436669337054,0.8343722664498434
Decision Tree Regressor,0.3909216964402671,0.6481045118421179,0.8277064429318497
